epoch,timestamp,elapsed_time,total_loss,pde_loss,surf_loss,wt_head_loss,wt_kin_loss,ic_h_loss,ic_zb_loss,pde_grad,surf_grad,wt_head_grad,wt_kin_grad,ic_h_grad,ic_zb_grad,total_grad,pde_weight,surf_weight,wt_head_weight,wt_kin_weight,ic_h_weight,ic_zb_weight,cache_mean_residual,cache_max_residual,cache_std_residual,learning_rate,epoch_time
0,2025-09-29T23:47:36.530514,0.01985025405883789,1.5872292518615723,0.0,1.5872292518615723,0.0,0.0,0.0,0.0,0.0,0.2334943553211288,0.0,0.0,0.0,0.0,0.2334943553211288,100000000.0,10000000000.0,1.0,1.0,1.0,1.0,7.366897136762418e-08,1.0610955314405146e-07,4.7006764702928194e-08,0.0001,0.0167386531829834
49,2025-09-29T23:47:37.092873,0.5822088718414307,1.5201646089553833,0.0,1.5201646089553833,0.0,0.0,0.0,0.0,0.0,0.37999392809848764,0.0,0.0,0.0,0.0,0.37999392809848764,100000000.0,10000000000.0,1.0,1.0,1.0,1.0,7.366897136762418e-08,1.0610955314405146e-07,4.7006764702928194e-08,0.0001,0.010132312774658203
99,2025-09-29T23:47:37.700516,1.1898515224456787,0.5957329273223877,0.0,0.5957329273223877,0.0,0.0,0.0,0.0,0.0,1.4660915273137132,0.0,0.0,0.0,0.0,1.4660915273137132,100000000.0,10000000000.0,1.0,1.0,1.0,1.0,7.366897136762418e-08,1.0610955314405146e-07,4.7006764702928194e-08,0.0001,0.013173580169677734
149,2025-09-29T23:47:38.270132,1.7594683170318604,0.3819458782672882,0.0,0.3819458782672882,0.0,0.0,0.0,0.0,0.0,0.5907080071320715,0.0,0.0,0.0,0.0,0.5907080071320715,100000000.0,10000000000.0,1.0,1.0,1.0,1.0,7.366897136762418e-08,1.0610955314405146e-07,4.7006764702928194e-08,0.0001,0.012063741683959961
199,2025-09-29T23:47:38.851274,2.340609550476074,0.30704039335250854,0.0,0.30704039335250854,0.0,0.0,0.0,0.0,0.0,0.48625397768531176,0.0,0.0,0.0,0.0,0.48625397768531176,100000000.0,10000000000.0,1.0,1.0,1.0,1.0,7.366897136762418e-08,1.0610955314405146e-07,4.7006764702928194e-08,0.0001,0.011168718338012695
249,2025-09-29T23:47:39.438954,2.9282896518707275,0.2709199786186218,0.0,0.2709199786186218,0.0,0.0,0.0,0.0,0.0,0.39449057653441394,0.0,0.0,0.0,0.0,0.39449057653441394,100000000.0,10000000000.0,1.0,1.0,1.0,1.0,7.366897136762418e-08,1.0610955314405146e-07,4.7006764702928194e-08,0.0001,0.012517213821411133
299,2025-09-29T23:47:40.002239,3.4915754795074463,0.24677902460098267,0.0,0.24677902460098267,0.0,0.0,0.0,0.0,0.0,0.3639346492359093,0.0,0.0,0.0,0.0,0.3639346492359093,100000000.0,10000000000.0,1.0,1.0,1.0,1.0,7.366897136762418e-08,1.0610955314405146e-07,4.7006764702928194e-08,0.0001,0.013002872467041016
349,2025-09-29T23:47:40.609421,4.098757028579712,0.21015547215938568,0.0,0.21015547215938568,0.0,0.0,0.0,0.0,0.0,0.344383527717713,0.0,0.0,0.0,0.0,0.344383527717713,100000000.0,10000000000.0,1.0,1.0,1.0,1.0,7.366897136762418e-08,1.0610955314405146e-07,4.7006764702928194e-08,0.0001,0.013003110885620117
399,2025-09-29T23:47:41.198186,4.6875221729278564,0.1884109526872635,0.0,0.1884109526872635,0.0,0.0,0.0,0.0,0.0,0.3596456785485916,0.0,0.0,0.0,0.0,0.3596456785485916,100000000.0,10000000000.0,1.0,1.0,1.0,1.0,7.366897136762418e-08,1.0610955314405146e-07,4.7006764702928194e-08,0.0001,0.012323856353759766
449,2025-09-29T23:47:41.764787,5.254122734069824,0.14037376642227173,0.0,0.14037376642227173,0.0,0.0,0.0,0.0,0.0,0.4352343954627635,0.0,0.0,0.0,0.0,0.4352343954627635,100000000.0,10000000000.0,1.0,1.0,1.0,1.0,7.366897136762418e-08,1.0610955314405146e-07,4.7006764702928194e-08,0.0001,0.011118650436401367
499,2025-09-29T23:47:42.360565,5.849900722503662,0.05682101473212242,0.0,0.05682101473212242,0.0,0.0,0.0,0.0,0.0,0.8308447644411526,0.0,0.0,0.0,0.0,0.8308447644411526,100000000.0,10000000000.0,1.0,1.0,1.0,1.0,7.366897136762418e-08,1.0610955314405146e-07,4.7006764702928194e-08,0.0001,0.012344837188720703
549,2025-09-29T23:47:42.962737,6.452073335647583,0.021355092525482178,0.0,0.021355092525482178,0.0,0.0,0.0,0.0,0.0,0.33097946627397223,0.0,0.0,0.0,0.0,0.33097946627397223,100000000.0,10000000000.0,1.0,1.0,1.0,1.0,5.267085043669795e-07,8.99474343896145e-07,2.907093232806801e-07,0.0001,0.010103940963745117
599,2025-09-29T23:47:43.528813,7.018148899078369,0.01678035594522953,0.0,0.01678035594522953,0.0,0.0,0.0,0.0,0.0,0.18753733706702347,0.0,0.0,0.0,0.0,0.18753733706702347,100000000.0,10000000000.0,1.0,1.0,1.0,1.0,5.267085043669795e-07,8.99474343896145e-07,2.907093232806801e-07,0.0001,0.011002779006958008
649,2025-09-29T23:47:44.079415,7.568750619888306,0.00014844648831058294,0.0,0.00014844648831058294,0.0,0.0,0.0,0.0,0.0,0.08025465408466115,0.0,0.0,0.0,0.0,0.08025465408466115,100000000.0,10000000000.0,1.0,1.0,1.0,1.0,5.267085043669795e-07,8.99474343896145e-07,2.907093232806801e-07,0.0001,0.010047197341918945
699,2025-09-29T23:47:44.640215,8.129550695419312,7.640397234354168e-05,0.0,7.640397234354168e-05,0.0,0.0,0.0,0.0,0.0,0.0494447893277167,0.0,0.0,0.0,0.0,0.0494447893277167,100000000.0,10000000000.0,1.0,1.0,1.0,1.0,5.267085043669795e-07,8.99474343896145e-07,2.907093232806801e-07,0.0001,0.012241601943969727
749,2025-09-29T23:47:45.212103,8.701439380645752,0.001383799477480352,0.0,0.001383799477480352,0.0,0.0,0.0,0.0,0.0,0.17780077178952342,0.0,0.0,0.0,0.0,0.17780077178952342,100000000.0,10000000000.0,1.0,1.0,1.0,1.0,5.267085043669795e-07,8.99474343896145e-07,2.907093232806801e-07,0.0001,0.010118484497070312
799,2025-09-29T23:47:45.774185,9.26352071762085,3.539749013725668e-05,0.0,3.539749013725668e-05,0.0,0.0,0.0,0.0,0.0,0.03654166351300907,0.0,0.0,0.0,0.0,0.03654166351300907,100000000.0,10000000000.0,1.0,1.0,1.0,1.0,5.267085043669795e-07,8.99474343896145e-07,2.907093232806801e-07,0.0001,0.012510299682617188
849,2025-09-29T23:47:46.343923,9.833259105682373,6.065331763238646e-05,0.0,6.065331763238646e-05,0.0,0.0,0.0,0.0,0.0,0.053145159977945305,0.0,0.0,0.0,0.0,0.053145159977945305,100000000.0,10000000000.0,1.0,1.0,1.0,1.0,5.267085043669795e-07,8.99474343896145e-07,2.907093232806801e-07,0.0001,0.010150432586669922
899,2025-09-29T23:47:46.899765,10.389100551605225,0.0009422294097021222,0.0,0.0009422294097021222,0.0,0.0,0.0,0.0,0.0,0.10077964893062388,0.0,0.0,0.0,0.0,0.10077964893062388,100000000.0,10000000000.0,1.0,1.0,1.0,1.0,5.267085043669795e-07,8.99474343896145e-07,2.907093232806801e-07,0.0001,0.011002779006958008
949,2025-09-29T23:47:47.454384,10.94372034072876,0.00014854433538857847,0.0,0.00014854433538857847,0.0,0.0,0.0,0.0,0.0,0.06334259066333155,0.0,0.0,0.0,0.0,0.06334259066333155,100000000.0,10000000000.0,1.0,1.0,1.0,1.0,5.267085043669795e-07,8.99474343896145e-07,2.907093232806801e-07,0.0001,0.01000213623046875
999,2025-09-29T23:47:47.980292,11.469628095626831,7.9990040831035e-06,0.0,7.9990040831035e-06,0.0,0.0,0.0,0.0,0.0,0.013670888825379573,0.0,0.0,0.0,0.0,0.013670888825379573,100000000.0,10000000000.0,1.0,1.0,1.0,1.0,5.267085043669795e-07,8.99474343896145e-07,2.907093232806801e-07,0.0001,0.010002374649047852
1049,2025-09-29T23:47:48.529696,12.019031763076782,0.00011074511712649837,0.0,0.00011074511712649837,0.0,0.0,0.0,0.0,0.0,0.06645245917842714,0.0,0.0,0.0,0.0,0.06645245917842714,100000000.0,10000000000.0,1.0,1.0,1.0,1.0,1.3201748743085773e-06,1.9808574052149197e-06,4.883324322690896e-07,0.0001,0.010230302810668945
1099,2025-09-29T23:47:49.081262,12.570598125457764,7.807831934769638e-06,0.0,7.807831934769638e-06,0.0,0.0,0.0,0.0,0.0,0.017411321816847538,0.0,0.0,0.0,0.0,0.017411321816847538,100000000.0,10000000000.0,1.0,1.0,1.0,1.0,1.3201748743085773e-06,1.9808574052149197e-06,4.883324322690896e-07,0.0001,0.01312255859375
1149,2025-09-29T23:47:49.693138,13.182474136352539,0.0001956625928869471,0.0,0.0001956625928869471,0.0,0.0,0.0,0.0,0.0,0.028092300711177905,0.0,0.0,0.0,0.0,0.028092300711177905,100000000.0,10000000000.0,1.0,1.0,1.0,1.0,1.3201748743085773e-06,1.9808574052149197e-06,4.883324322690896e-07,0.0001,0.010002613067626953
1199,2025-09-29T23:47:50.228892,13.718227624893188,9.776381921255961e-05,0.0,9.776381921255961e-05,0.0,0.0,0.0,0.0,0.0,0.04521531284535474,0.0,0.0,0.0,0.0,0.04521531284535474,100000000.0,10000000000.0,1.0,1.0,1.0,1.0,1.3201748743085773e-06,1.9808574052149197e-06,4.883324322690896e-07,0.0001,0.010002374649047852
1249,2025-09-29T23:47:50.775914,14.265250444412231,6.80534794810228e-05,0.0,6.80534794810228e-05,0.0,0.0,0.0,0.0,0.0,0.05875717512554782,0.0,0.0,0.0,0.0,0.05875717512554782,100000000.0,10000000000.0,1.0,1.0,1.0,1.0,1.3201748743085773e-06,1.9808574052149197e-06,4.883324322690896e-07,0.0001,0.01353907585144043
1299,2025-09-29T23:47:51.320179,14.80951476097107,7.781120984873269e-06,0.0,7.781120984873269e-06,0.0,0.0,0.0,0.0,0.0,0.0036376347258990434,0.0,0.0,0.0,0.0,0.0036376347258990434,100000000.0,10000000000.0,1.0,1.0,1.0,1.0,1.3201748743085773e-06,1.9808574052149197e-06,4.883324322690896e-07,0.0001,0.01324462890625
1349,2025-09-29T23:47:51.857164,15.346499681472778,2.1240071873762645e-05,0.0,2.1240071873762645e-05,0.0,0.0,0.0,0.0,0.0,0.026053365760027994,0.0,0.0,0.0,0.0,0.026053365760027994,100000000.0,10000000000.0,1.0,1.0,1.0,1.0,1.3201748743085773e-06,1.9808574052149197e-06,4.883324322690896e-07,0.0001,0.010163068771362305
1399,2025-09-29T23:47:52.410521,15.89985704421997,5.356153633329086e-05,0.0,5.356153633329086e-05,0.0,0.0,0.0,0.0,0.0,0.0382598634668921,0.0,0.0,0.0,0.0,0.0382598634668921,100000000.0,10000000000.0,1.0,1.0,1.0,1.0,1.3201748743085773e-06,1.9808574052149197e-06,4.883324322690896e-07,0.0001,0.011106491088867188
1449,2025-09-29T23:47:53.037599,16.52693462371826,6.6206930569023825e-06,0.0,6.6206930569023825e-06,0.0,0.0,0.0,0.0,0.0,0.014386004529474593,0.0,0.0,0.0,0.0,0.014386004529474593,100000000.0,10000000000.0,1.0,1.0,1.0,1.0,1.3201748743085773e-06,1.9808574052149197e-06,4.883324322690896e-07,0.0001,0.016745805740356445
1499,2025-09-29T23:47:53.588509,17.077844619750977,6.161195778986439e-05,0.0,6.161195778986439e-05,0.0,0.0,0.0,0.0,0.0,0.031635425105369944,0.0,0.0,0.0,0.0,0.031635425105369944,100000000.0,10000000000.0,1.0,1.0,1.0,1.0,1.3201748743085773e-06,1.9808574052149197e-06,4.883324322690896e-07,0.0001,0.010074138641357422
1549,2025-09-29T23:47:54.128699,17.618034839630127,0.0003958426823373884,0.0,0.0003958426823373884,0.0,0.0,0.0,0.0,0.0,0.14031182719960064,0.0,0.0,0.0,0.0,0.14031182719960064,100000000.0,10000000000.0,1.0,1.0,1.0,1.0,1.3119292816554662e-06,1.955714424184407e-06,4.859668365497782e-07,0.0001,0.01000213623046875
1599,2025-09-29T23:47:54.668426,18.157762050628662,0.0002948609762825072,0.0,0.0002948609762825072,0.0,0.0,0.0,0.0,0.0,0.05714373933427957,0.0,0.0,0.0,0.0,0.05714373933427957,100000000.0,10000000000.0,1.0,1.0,1.0,1.0,1.3119292816554662e-06,1.955714424184407e-06,4.859668365497782e-07,0.0001,0.011602163314819336
1649,2025-09-29T23:47:55.222734,18.712069988250732,1.313202392339008e-05,0.0,1.313202392339008e-05,0.0,0.0,0.0,0.0,0.0,0.02295074382111969,0.0,0.0,0.0,0.0,0.02295074382111969,100000000.0,10000000000.0,1.0,1.0,1.0,1.0,1.3119292816554662e-06,1.955714424184407e-06,4.859668365497782e-07,0.0001,0.010491132736206055
1699,2025-09-29T23:47:55.753469,19.242805004119873,0.0001911238650791347,0.0,0.0001911238650791347,0.0,0.0,0.0,0.0,0.0,0.09030575579386689,0.0,0.0,0.0,0.0,0.09030575579386689,100000000.0,10000000000.0,1.0,1.0,1.0,1.0,1.3119292816554662e-06,1.955714424184407e-06,4.859668365497782e-07,0.0001,0.01107025146484375
1749,2025-09-29T23:47:56.310126,19.799461603164673,1.3529023817682173e-05,0.0,1.3529023817682173e-05,0.0,0.0,0.0,0.0,0.0,0.019399396036346783,0.0,0.0,0.0,0.0,0.019399396036346783,100000000.0,10000000000.0,1.0,1.0,1.0,1.0,1.3119292816554662e-06,1.955714424184407e-06,4.859668365497782e-07,0.0001,0.011102437973022461
1799,2025-09-29T23:47:56.861571,20.35090661048889,0.0012414727825671434,0.0,0.0012414727825671434,0.0,0.0,0.0,0.0,0.0,0.11792008738286937,0.0,0.0,0.0,0.0,0.11792008738286937,100000000.0,10000000000.0,1.0,1.0,1.0,1.0,1.3119292816554662e-06,1.955714424184407e-06,4.859668365497782e-07,0.0001,0.01002645492553711
1849,2025-09-29T23:47:57.443529,20.932864904403687,0.0005369375576265156,0.0,0.0005369375576265156,0.0,0.0,0.0,0.0,0.0,0.10203785271780592,0.0,0.0,0.0,0.0,0.10203785271780592,100000000.0,10000000000.0,1.0,1.0,1.0,1.0,1.3119292816554662e-06,1.955714424184407e-06,4.859668365497782e-07,0.0001,0.01000213623046875
1899,2025-09-29T23:47:57.980016,21.46935248374939,1.1636115232249722e-05,0.0,1.1636115232249722e-05,0.0,0.0,0.0,0.0,0.0,0.00714838729681949,0.0,0.0,0.0,0.0,0.00714838729681949,100000000.0,10000000000.0,1.0,1.0,1.0,1.0,1.3119292816554662e-06,1.955714424184407e-06,4.859668365497782e-07,0.0001,0.010112285614013672
1949,2025-09-29T23:47:58.532338,22.021674394607544,0.00013506128743756562,0.0,0.00013506128743756562,0.0,0.0,0.0,0.0,0.0,0.054821158995503244,0.0,0.0,0.0,0.0,0.054821158995503244,100000000.0,10000000000.0,1.0,1.0,1.0,1.0,1.3119292816554662e-06,1.955714424184407e-06,4.859668365497782e-07,0.0001,0.010105371475219727
1999,2025-09-29T23:47:59.095072,22.584407806396484,4.360129423730541e-06,0.0,4.360129423730541e-06,0.0,0.0,0.0,0.0,0.0,0.010581346764802057,0.0,0.0,0.0,0.0,0.010581346764802057,100000000.0,10000000000.0,1.0,1.0,1.0,1.0,1.3119292816554662e-06,1.955714424184407e-06,4.859668365497782e-07,0.0001,0.010088443756103516
2049,2025-09-29T23:47:59.656718,23.146053552627563,0.00035914406180381775,0.0,0.00035914406180381775,0.0,0.0,0.0,0.0,0.0,0.1193418450253041,0.0,0.0,0.0,0.0,0.1193418450253041,100000000.0,10000000000.0,1.0,1.0,1.0,1.0,1.2769277191182482e-06,1.9008225535799284e-06,4.810244149666687e-07,0.0001,0.011324167251586914
2099,2025-09-29T23:48:00.193633,23.682969093322754,0.00040648531285114586,0.0,0.00040648531285114586,0.0,0.0,0.0,0.0,0.0,0.11147248247301365,0.0,0.0,0.0,0.0,0.11147248247301365,100000000.0,10000000000.0,1.0,1.0,1.0,1.0,1.2769277191182482e-06,1.9008225535799284e-06,4.810244149666687e-07,0.0001,0.010562658309936523
2149,2025-09-29T23:48:00.759797,24.249133110046387,2.660849986568792e-06,0.0,2.660849986568792e-06,0.0,0.0,0.0,0.0,0.0,0.008354831041813615,0.0,0.0,0.0,0.0,0.008354831041813615,100000000.0,10000000000.0,1.0,1.0,1.0,1.0,1.2769277191182482e-06,1.9008225535799284e-06,4.810244149666687e-07,0.0001,0.010149717330932617
2199,2025-09-29T23:48:01.292741,24.782077074050903,5.0740400183713064e-05,0.0,5.0740400183713064e-05,0.0,0.0,0.0,0.0,0.0,0.031379567480885745,0.0,0.0,0.0,0.0,0.031379567480885745,100000000.0,10000000000.0,1.0,1.0,1.0,1.0,1.2769277191182482e-06,1.9008225535799284e-06,4.810244149666687e-07,0.0001,0.010192632675170898
2249,2025-09-29T23:48:01.831614,25.32094979286194,3.18863385473378e-05,0.0,3.18863385473378e-05,0.0,0.0,0.0,0.0,0.0,0.03198484046951347,0.0,0.0,0.0,0.0,0.03198484046951347,100000000.0,10000000000.0,1.0,1.0,1.0,1.0,1.2769277191182482e-06,1.9008225535799284e-06,4.810244149666687e-07,0.0001,0.013025760650634766
2299,2025-09-29T23:48:02.396936,25.886272430419922,4.9901518650585786e-05,0.0,4.9901518650585786e-05,0.0,0.0,0.0,0.0,0.0,0.03188740373342473,0.0,0.0,0.0,0.0,0.03188740373342473,100000000.0,10000000000.0,1.0,1.0,1.0,1.0,1.2769277191182482e-06,1.9008225535799284e-06,4.810244149666687e-07,0.0001,0.011037349700927734
2349,2025-09-29T23:48:02.941066,26.430402040481567,3.506548091536388e-05,0.0,3.506548091536388e-05,0.0,0.0,0.0,0.0,0.0,0.030534361668426737,0.0,0.0,0.0,0.0,0.030534361668426737,100000000.0,10000000000.0,1.0,1.0,1.0,1.0,1.2769277191182482e-06,1.9008225535799284e-06,4.810244149666687e-07,0.0001,0.010061264038085938
2399,2025-09-29T23:48:03.501185,26.99052119255066,0.00015629011613782495,0.0,0.00015629011613782495,0.0,0.0,0.0,0.0,0.0,0.0672716206401683,0.0,0.0,0.0,0.0,0.0672716206401683,100000000.0,10000000000.0,1.0,1.0,1.0,1.0,1.2769277191182482e-06,1.9008225535799284e-06,4.810244149666687e-07,0.0001,0.01321268081665039
2449,2025-09-29T23:48:04.042039,27.531375408172607,0.0002202935138484463,0.0,0.0002202935138484463,0.0,0.0,0.0,0.0,0.0,0.03553573936194148,0.0,0.0,0.0,0.0,0.03553573936194148,100000000.0,10000000000.0,1.0,1.0,1.0,1.0,1.2769277191182482e-06,1.9008225535799284e-06,4.810244149666687e-07,0.0001,0.010002374649047852
2499,2025-09-29T23:48:04.572457,28.061793327331543,0.00017776142340153456,0.0,0.00017776142340153456,0.0,0.0,0.0,0.0,0.0,0.06069608550023933,0.0,0.0,0.0,0.0,0.06069608550023933,100000000.0,10000000000.0,1.0,1.0,1.0,1.0,1.2769277191182482e-06,1.9008225535799284e-06,4.810244149666687e-07,0.0001,0.010395050048828125
2549,2025-09-29T23:48:05.145376,28.634711980819702,4.260475350292836e-07,0.0,4.260475350292836e-07,0.0,0.0,0.0,0.0,0.0,0.0032651516733147854,0.0,0.0,0.0,0.0,0.0032651516733147854,100000000.0,10000000000.0,1.0,1.0,1.0,1.0,1.2453886029106798e-06,1.8721880223893095e-06,4.978801939614641e-07,0.0001,0.010030984878540039
2599,2025-09-29T23:48:05.680120,29.169456243515015,6.622709861403564e-06,0.0,6.622709861403564e-06,0.0,0.0,0.0,0.0,0.0,0.010246752314684344,0.0,0.0,0.0,0.0,0.010246752314684344,100000000.0,10000000000.0,1.0,1.0,1.0,1.0,1.2453886029106798e-06,1.8721880223893095e-06,4.978801939614641e-07,0.0001,0.010083913803100586
2649,2025-09-29T23:48:06.238583,29.727919340133667,1.2854545275331475e-05,0.0,1.2854545275331475e-05,0.0,0.0,0.0,0.0,0.0,0.022799286508283924,0.0,0.0,0.0,0.0,0.022799286508283924,100000000.0,10000000000.0,1.0,1.0,1.0,1.0,1.2453886029106798e-06,1.8721880223893095e-06,4.978801939614641e-07,0.0001,0.011002302169799805
2699,2025-09-29T23:48:06.788417,30.27775263786316,1.10810997284716e-05,0.0,1.10810997284716e-05,0.0,0.0,0.0,0.0,0.0,0.011953415634518412,0.0,0.0,0.0,0.0,0.011953415634518412,100000000.0,10000000000.0,1.0,1.0,1.0,1.0,1.2453886029106798e-06,1.8721880223893095e-06,4.978801939614641e-07,0.0001,0.011267423629760742
2749,2025-09-29T23:48:07.333839,30.82317543029785,6.158432370284572e-06,0.0,6.158432370284572e-06,0.0,0.0,0.0,0.0,0.0,0.006720105963703552,0.0,0.0,0.0,0.0,0.006720105963703552,100000000.0,10000000000.0,1.0,1.0,1.0,1.0,1.2453886029106798e-06,1.8721880223893095e-06,4.978801939614641e-07,0.0001,0.010049104690551758
2799,2025-09-29T23:48:07.870477,31.35981297492981,7.303415623027831e-05,0.0,7.303415623027831e-05,0.0,0.0,0.0,0.0,0.0,0.0390560094852274,0.0,0.0,0.0,0.0,0.0390560094852274,100000000.0,10000000000.0,1.0,1.0,1.0,1.0,1.2453886029106798e-06,1.8721880223893095e-06,4.978801939614641e-07,0.0001,0.012411832809448242
2849,2025-09-29T23:48:08.443623,31.93295907974243,4.950257789460011e-05,0.0,4.950257789460011e-05,0.0,0.0,0.0,0.0,0.0,0.013241950699713416,0.0,0.0,0.0,0.0,0.013241950699713416,100000000.0,10000000000.0,1.0,1.0,1.0,1.0,1.2453886029106798e-06,1.8721880223893095e-06,4.978801939614641e-07,0.0001,0.010032176971435547
2899,2025-09-29T23:48:08.986684,32.476019620895386,0.0005422586109489202,0.0,0.0005422586109489202,0.0,0.0,0.0,0.0,0.0,0.15132001087827848,0.0,0.0,0.0,0.0,0.15132001087827848,100000000.0,10000000000.0,1.0,1.0,1.0,1.0,1.2453886029106798e-06,1.8721880223893095e-06,4.978801939614641e-07,0.0001,0.013058185577392578
2949,2025-09-29T23:48:09.523423,33.01275897026062,6.53769529890269e-06,0.0,6.53769529890269e-06,0.0,0.0,0.0,0.0,0.0,0.01618661606756363,0.0,0.0,0.0,0.0,0.01618661606756363,100000000.0,10000000000.0,1.0,1.0,1.0,1.0,1.2453886029106798e-06,1.8721880223893095e-06,4.978801939614641e-07,0.0001,0.013002872467041016
2999,2025-09-29T23:48:10.068375,33.557711124420166,0.0001687827316345647,0.0,0.0001687827316345647,0.0,0.0,0.0,0.0,0.0,0.04903995056043027,0.0,0.0,0.0,0.0,0.04903995056043027,100000000.0,10000000000.0,1.0,1.0,1.0,1.0,1.2453886029106798e-06,1.8721880223893095e-06,4.978801939614641e-07,0.0001,0.011002779006958008
3049,2025-09-29T23:48:10.601023,34.0903594493866,8.75247351359576e-05,0.0,8.75247351359576e-05,0.0,0.0,0.0,0.0,0.0,0.06057686932973161,0.0,0.0,0.0,0.0,0.06057686932973161,100000000.0,10000000000.0,1.0,1.0,1.0,1.0,1.3335995845409343e-06,1.874394683909486e-06,4.987128363609372e-07,0.0001,0.009384632110595703
3099,2025-09-29T23:48:11.148561,34.63789653778076,1.5696432456024922e-05,0.0,1.5696432456024922e-05,0.0,0.0,0.0,0.0,0.0,0.022499681852286905,0.0,0.0,0.0,0.0,0.022499681852286905,100000000.0,10000000000.0,1.0,1.0,1.0,1.0,1.3335995845409343e-06,1.874394683909486e-06,4.987128363609372e-07,0.0001,0.01109170913696289
3149,2025-09-29T23:48:11.698672,35.188008069992065,4.6455548726953566e-05,0.0,4.6455548726953566e-05,0.0,0.0,0.0,0.0,0.0,0.02042193038443206,0.0,0.0,0.0,0.0,0.02042193038443206,100000000.0,10000000000.0,1.0,1.0,1.0,1.0,1.3335995845409343e-06,1.874394683909486e-06,4.987128363609372e-07,0.0001,0.011150360107421875
3199,2025-09-29T23:48:12.237419,35.726754903793335,0.0001056928958860226,0.0,0.0001056928958860226,0.0,0.0,0.0,0.0,0.0,0.05238016142273654,0.0,0.0,0.0,0.0,0.05238016142273654,100000000.0,10000000000.0,1.0,1.0,1.0,1.0,1.3335995845409343e-06,1.874394683909486e-06,4.987128363609372e-07,0.0001,0.01101827621459961
3249,2025-09-29T23:48:12.809255,36.298590898513794,8.429403351328801e-06,0.0,8.429403351328801e-06,0.0,0.0,0.0,0.0,0.0,0.007893657460648589,0.0,0.0,0.0,0.0,0.007893657460648589,100000000.0,10000000000.0,1.0,1.0,1.0,1.0,1.3335995845409343e-06,1.874394683909486e-06,4.987128363609372e-07,0.0001,0.010280609130859375
3299,2025-09-29T23:48:13.360856,36.850191831588745,3.322501652291976e-05,0.0,3.322501652291976e-05,0.0,0.0,0.0,0.0,0.0,0.03243944822912715,0.0,0.0,0.0,0.0,0.03243944822912715,100000000.0,10000000000.0,1.0,1.0,1.0,1.0,1.3335995845409343e-06,1.874394683909486e-06,4.987128363609372e-07,0.0001,0.010401725769042969
3349,2025-09-29T23:48:13.929518,37.418853759765625,4.099778743693605e-05,0.0,4.099778743693605e-05,0.0,0.0,0.0,0.0,0.0,0.03097937164673057,0.0,0.0,0.0,0.0,0.03097937164673057,100000000.0,10000000000.0,1.0,1.0,1.0,1.0,1.3335995845409343e-06,1.874394683909486e-06,4.987128363609372e-07,0.0001,0.010002374649047852
3399,2025-09-29T23:48:14.468954,37.958290338516235,2.6583173166727647e-05,0.0,2.6583173166727647e-05,0.0,0.0,0.0,0.0,0.0,0.011191104846969885,0.0,0.0,0.0,0.0,0.011191104846969885,100000000.0,10000000000.0,1.0,1.0,1.0,1.0,1.3335995845409343e-06,1.874394683909486e-06,4.987128363609372e-07,0.0001,0.013179540634155273
3449,2025-09-29T23:48:15.019251,38.5085871219635,0.0008111047791317105,0.0,0.0008111047791317105,0.0,0.0,0.0,0.0,0.0,0.1611839801894966,0.0,0.0,0.0,0.0,0.1611839801894966,100000000.0,10000000000.0,1.0,1.0,1.0,1.0,1.3335995845409343e-06,1.874394683909486e-06,4.987128363609372e-07,0.0001,0.013183355331420898
3499,2025-09-29T23:48:15.559814,39.049150228500366,0.0001556134520797059,0.0,0.0001556134520797059,0.0,0.0,0.0,0.0,0.0,0.08533063557846297,0.0,0.0,0.0,0.0,0.08533063557846297,100000000.0,10000000000.0,1.0,1.0,1.0,1.0,1.3335995845409343e-06,1.874394683909486e-06,4.987128363609372e-07,0.0001,0.010171890258789062
3549,2025-09-29T23:48:16.128806,39.61814212799072,0.005568178370594978,0.0,0.005568178370594978,0.0,0.0,0.0,0.0,0.0,0.28709944620204025,0.0,0.0,0.0,0.0,0.28709944620204025,100000000.0,10000000000.0,1.0,1.0,1.0,1.0,1.324793402091018e-06,1.8892236539613805e-06,5.305685704115604e-07,0.0001,0.010062456130981445
3599,2025-09-29T23:48:16.670999,40.160335063934326,0.002966748783364892,0.0,0.002966748783364892,0.0,0.0,0.0,0.0,0.0,0.28661559142453275,0.0,0.0,0.0,0.0,0.28661559142453275,100000000.0,10000000000.0,1.0,1.0,1.0,1.0,1.324793402091018e-06,1.8892236539613805e-06,5.305685704115604e-07,0.0001,0.013107061386108398
3649,2025-09-29T23:48:17.219967,40.70930314064026,0.00016614751075394452,0.0,0.00016614751075394452,0.0,0.0,0.0,0.0,0.0,0.0536116733283891,0.0,0.0,0.0,0.0,0.0536116733283891,100000000.0,10000000000.0,1.0,1.0,1.0,1.0,1.324793402091018e-06,1.8892236539613805e-06,5.305685704115604e-07,0.0001,0.010645151138305664
3699,2025-09-29T23:48:17.754998,41.24433374404907,1.3542972737923265e-05,0.0,1.3542972737923265e-05,0.0,0.0,0.0,0.0,0.0,0.024262305040377605,0.0,0.0,0.0,0.0,0.024262305040377605,100000000.0,10000000000.0,1.0,1.0,1.0,1.0,1.324793402091018e-06,1.8892236539613805e-06,5.305685704115604e-07,0.0001,0.012354850769042969
3749,2025-09-29T23:48:18.308544,41.797879695892334,9.723962648422457e-06,0.0,9.723962648422457e-06,0.0,0.0,0.0,0.0,0.0,0.020195221854729297,0.0,0.0,0.0,0.0,0.020195221854729297,100000000.0,10000000000.0,1.0,1.0,1.0,1.0,1.324793402091018e-06,1.8892236539613805e-06,5.305685704115604e-07,0.0001,0.012056827545166016
3799,2025-09-29T23:48:18.859749,42.349085092544556,5.189449893805431e-06,0.0,5.189449893805431e-06,0.0,0.0,0.0,0.0,0.0,0.007734884255618032,0.0,0.0,0.0,0.0,0.007734884255618032,100000000.0,10000000000.0,1.0,1.0,1.0,1.0,1.324793402091018e-06,1.8892236539613805e-06,5.305685704115604e-07,0.0001,0.01300358772277832
3849,2025-09-29T23:48:19.405160,42.894495725631714,0.0007570502930320799,0.0,0.0007570502930320799,0.0,0.0,0.0,0.0,0.0,0.14944010171426508,0.0,0.0,0.0,0.0,0.14944010171426508,100000000.0,10000000000.0,1.0,1.0,1.0,1.0,1.324793402091018e-06,1.8892236539613805e-06,5.305685704115604e-07,0.0001,0.012183427810668945
3899,2025-09-29T23:48:19.956561,43.44589686393738,1.55542711581802e-05,0.0,1.55542711581802e-05,0.0,0.0,0.0,0.0,0.0,0.0062289241523276785,0.0,0.0,0.0,0.0,0.0062289241523276785,100000000.0,10000000000.0,1.0,1.0,1.0,1.0,1.324793402091018e-06,1.8892236539613805e-06,5.305685704115604e-07,0.0001,0.011002540588378906
3949,2025-09-29T23:48:20.523362,44.01269841194153,5.3876483434578404e-05,0.0,5.3876483434578404e-05,0.0,0.0,0.0,0.0,0.0,0.04219934546537414,0.0,0.0,0.0,0.0,0.04219934546537414,100000000.0,10000000000.0,1.0,1.0,1.0,1.0,1.324793402091018e-06,1.8892236539613805e-06,5.305685704115604e-07,0.0001,0.010083198547363281
3999,2025-09-29T23:48:21.058453,44.547789096832275,0.001057036453858018,0.0,0.001057036453858018,0.0,0.0,0.0,0.0,0.0,0.16937756422873573,0.0,0.0,0.0,0.0,0.16937756422873573,100000000.0,10000000000.0,1.0,1.0,1.0,1.0,1.324793402091018e-06,1.8892236539613805e-06,5.305685704115604e-07,0.0001,0.010064125061035156
4049,2025-09-29T23:48:21.584600,45.073936223983765,0.00011643690231721848,0.0,0.00011643690231721848,0.0,0.0,0.0,0.0,0.0,0.04114185381969823,0.0,0.0,0.0,0.0,0.04114185381969823,100000000.0,10000000000.0,1.0,1.0,1.0,1.0,1.2723828604066512e-06,1.7954083659788012e-06,4.689857746598136e-07,0.0001,0.010349273681640625
4099,2025-09-29T23:48:22.143740,45.633076190948486,0.00024756506900303066,0.0,0.00024756506900303066,0.0,0.0,0.0,0.0,0.0,0.08768129976617296,0.0,0.0,0.0,0.0,0.08768129976617296,100000000.0,10000000000.0,1.0,1.0,1.0,1.0,1.2723828604066512e-06,1.7954083659788012e-06,4.689857746598136e-07,0.0001,0.009431838989257812
4149,2025-09-29T23:48:22.692776,46.18211245536804,1.9315497468141984e-07,0.0,1.9315497468141984e-07,0.0,0.0,0.0,0.0,0.0,0.0015020435246368938,0.0,0.0,0.0,0.0,0.0015020435246368938,100000000.0,10000000000.0,1.0,1.0,1.0,1.0,1.2723828604066512e-06,1.7954083659788012e-06,4.689857746598136e-07,0.0001,0.012130975723266602
4199,2025-09-29T23:48:23.229786,46.71912169456482,2.4775554265943356e-05,0.0,2.4775554265943356e-05,0.0,0.0,0.0,0.0,0.0,0.01630408029592599,0.0,0.0,0.0,0.0,0.01630408029592599,100000000.0,10000000000.0,1.0,1.0,1.0,1.0,1.2723828604066512e-06,1.7954083659788012e-06,4.689857746598136e-07,0.0001,0.011623859405517578
4249,2025-09-29T23:48:23.772238,47.261574029922485,0.0017486668657511473,0.0,0.0017486668657511473,0.0,0.0,0.0,0.0,0.0,0.1869039644540356,0.0,0.0,0.0,0.0,0.1869039644540356,100000000.0,10000000000.0,1.0,1.0,1.0,1.0,1.2723828604066512e-06,1.7954083659788012e-06,4.689857746598136e-07,0.0001,0.010062217712402344
4299,2025-09-29T23:48:24.297776,47.78711247444153,0.0014564689481630921,0.0,0.0014564689481630921,0.0,0.0,0.0,0.0,0.0,0.17566880560464504,0.0,0.0,0.0,0.0,0.17566880560464504,100000000.0,10000000000.0,1.0,1.0,1.0,1.0,1.2723828604066512e-06,1.7954083659788012e-06,4.689857746598136e-07,0.0001,0.013003110885620117
4349,2025-09-29T23:48:24.869630,48.35896587371826,6.718940858263522e-05,0.0,6.718940858263522e-05,0.0,0.0,0.0,0.0,0.0,0.042913112696505606,0.0,0.0,0.0,0.0,0.042913112696505606,100000000.0,10000000000.0,1.0,1.0,1.0,1.0,1.2723828604066512e-06,1.7954083659788012e-06,4.689857746598136e-07,0.0001,0.010002374649047852
4399,2025-09-29T23:48:25.395928,48.88526439666748,0.001712089404463768,0.0,0.001712089404463768,0.0,0.0,0.0,0.0,0.0,0.2074269461045013,0.0,0.0,0.0,0.0,0.2074269461045013,100000000.0,10000000000.0,1.0,1.0,1.0,1.0,1.2723828604066512e-06,1.7954083659788012e-06,4.689857746598136e-07,0.0001,0.010054826736450195
4449,2025-09-29T23:48:25.941708,49.43104434013367,0.005196294281631708,0.0,0.005196294281631708,0.0,0.0,0.0,0.0,0.0,0.35038399719978297,0.0,0.0,0.0,0.0,0.35038399719978297,100000000.0,10000000000.0,1.0,1.0,1.0,1.0,1.2723828604066512e-06,1.7954083659788012e-06,4.689857746598136e-07,0.0001,0.01000213623046875
4499,2025-09-29T23:48:26.480050,49.96938633918762,0.0007712912047281861,0.0,0.0007712912047281861,0.0,0.0,0.0,0.0,0.0,0.14140418663371856,0.0,0.0,0.0,0.0,0.14140418663371856,100000000.0,10000000000.0,1.0,1.0,1.0,1.0,1.2723828604066512e-06,1.7954083659788012e-06,4.689857746598136e-07,0.0001,0.010002374649047852
4549,2025-09-29T23:48:27.015048,50.50438380241394,3.0285782486316748e-05,0.0,3.0285782486316748e-05,0.0,0.0,0.0,0.0,0.0,0.013238492086670087,0.0,0.0,0.0,0.0,0.013238492086670087,100000000.0,10000000000.0,1.0,1.0,1.0,1.0,1.170623249890923e-06,1.7245674825971946e-06,5.222492518441868e-07,0.0001,0.0100250244140625
4599,2025-09-29T23:48:27.543777,51.03311252593994,0.0016502750804647803,0.0,0.0016502750804647803,0.0,0.0,0.0,0.0,0.0,0.1663236369704296,0.0,0.0,0.0,0.0,0.1663236369704296,100000000.0,10000000000.0,1.0,1.0,1.0,1.0,1.170623249890923e-06,1.7245674825971946e-06,5.222492518441868e-07,0.0001,0.010001897811889648
4649,2025-09-29T23:48:28.109943,51.599279165267944,5.4751122661400586e-05,0.0,5.4751122661400586e-05,0.0,0.0,0.0,0.0,0.0,0.02616349262850001,0.0,0.0,0.0,0.0,0.02616349262850001,100000000.0,10000000000.0,1.0,1.0,1.0,1.0,1.170623249890923e-06,1.7245674825971946e-06,5.222492518441868e-07,0.0001,0.010098457336425781
4699,2025-09-29T23:48:28.653677,52.14301300048828,0.002685875166207552,0.0,0.002685875166207552,0.0,0.0,0.0,0.0,0.0,0.2171284755014176,0.0,0.0,0.0,0.0,0.2171284755014176,100000000.0,10000000000.0,1.0,1.0,1.0,1.0,1.170623249890923e-06,1.7245674825971946e-06,5.222492518441868e-07,0.0001,0.011002540588378906
4749,2025-09-29T23:48:29.204872,52.69420790672302,9.28766075958265e-06,0.0,9.28766075958265e-06,0.0,0.0,0.0,0.0,0.0,0.011799729245677468,0.0,0.0,0.0,0.0,0.011799729245677468,100000000.0,10000000000.0,1.0,1.0,1.0,1.0,1.170623249890923e-06,1.7245674825971946e-06,5.222492518441868e-07,0.0001,0.01010751724243164
4799,2025-09-29T23:48:29.752189,53.241525411605835,0.00021437238319776952,0.0,0.00021437238319776952,0.0,0.0,0.0,0.0,0.0,0.04297076747412639,0.0,0.0,0.0,0.0,0.04297076747412639,100000000.0,10000000000.0,1.0,1.0,1.0,1.0,1.170623249890923e-06,1.7245674825971946e-06,5.222492518441868e-07,0.0001,0.013094902038574219
4849,2025-09-29T23:48:30.296809,53.786144971847534,6.167258106870577e-05,0.0,6.167258106870577e-05,0.0,0.0,0.0,0.0,0.0,0.03219512245615718,0.0,0.0,0.0,0.0,0.03219512245615718,100000000.0,10000000000.0,1.0,1.0,1.0,1.0,1.170623249890923e-06,1.7245674825971946e-06,5.222492518441868e-07,0.0001,0.009446382522583008
4899,2025-09-29T23:48:30.841872,54.33120846748352,1.2447128483472625e-06,0.0,1.2447128483472625e-06,0.0,0.0,0.0,0.0,0.0,0.005429123904003624,0.0,0.0,0.0,0.0,0.005429123904003624,100000000.0,10000000000.0,1.0,1.0,1.0,1.0,1.170623249890923e-06,1.7245674825971946e-06,5.222492518441868e-07,0.0001,0.010085582733154297
4949,2025-09-29T23:48:31.384465,54.873801469802856,2.1369653040892445e-05,0.0,2.1369653040892445e-05,0.0,0.0,0.0,0.0,0.0,0.027255290195944755,0.0,0.0,0.0,0.0,0.027255290195944755,100000000.0,10000000000.0,1.0,1.0,1.0,1.0,1.170623249890923e-06,1.7245674825971946e-06,5.222492518441868e-07,0.0001,0.010033369064331055
4999,2025-09-29T23:48:31.917679,55.407015323638916,2.2411089958040975e-05,0.0,2.2411089958040975e-05,0.0,0.0,0.0,0.0,0.0,0.033469269565959664,0.0,0.0,0.0,0.0,0.033469269565959664,100000000.0,10000000000.0,1.0,1.0,1.0,1.0,1.170623249890923e-06,1.7245674825971946e-06,5.222492518441868e-07,0.0001,0.013108491897583008
5049,2025-09-29T23:48:32.498062,55.98739790916443,0.00020353896252345294,0.0,0.00020353896252345294,0.0,0.0,0.0,0.0,0.0,0.06560273837446504,0.0,0.0,0.0,0.0,0.06560273837446504,100000000.0,10000000000.0,1.0,1.0,1.0,1.0,1.3309793303051265e-06,1.865940021161805e-06,4.884289523943153e-07,0.0001,0.010077953338623047
5099,2025-09-29T23:48:33.047990,56.53732633590698,0.00010401081090094522,0.0,0.00010401081090094522,0.0,0.0,0.0,0.0,0.0,0.04956101325559436,0.0,0.0,0.0,0.0,0.04956101325559436,100000000.0,10000000000.0,1.0,1.0,1.0,1.0,1.3309793303051265e-06,1.865940021161805e-06,4.884289523943153e-07,0.0001,0.010050773620605469
5149,2025-09-29T23:48:33.588897,57.07823324203491,3.490839299047366e-05,0.0,3.490839299047366e-05,0.0,0.0,0.0,0.0,0.0,0.023118075001786052,0.0,0.0,0.0,0.0,0.023118075001786052,100000000.0,10000000000.0,1.0,1.0,1.0,1.0,1.3309793303051265e-06,1.865940021161805e-06,4.884289523943153e-07,0.0001,0.0101470947265625
5199,2025-09-29T23:48:34.147757,57.63709282875061,0.004971777554601431,0.0,0.004971777554601431,0.0,0.0,0.0,0.0,0.0,0.35240437966535104,0.0,0.0,0.0,0.0,0.35240437966535104,100000000.0,10000000000.0,1.0,1.0,1.0,1.0,1.3309793303051265e-06,1.865940021161805e-06,4.884289523943153e-07,0.0001,0.014003276824951172
5249,2025-09-29T23:48:34.680506,58.16984152793884,0.007683732081204653,0.0,0.007683732081204653,0.0,0.0,0.0,0.0,0.0,0.4540677850088264,0.0,0.0,0.0,0.0,0.4540677850088264,100000000.0,10000000000.0,1.0,1.0,1.0,1.0,1.3309793303051265e-06,1.865940021161805e-06,4.884289523943153e-07,0.0001,0.010002374649047852
5299,2025-09-29T23:48:35.210082,58.69941806793213,0.0008255167049355805,0.0,0.0008255167049355805,0.0,0.0,0.0,0.0,0.0,0.07361531939487877,0.0,0.0,0.0,0.0,0.07361531939487877,100000000.0,10000000000.0,1.0,1.0,1.0,1.0,1.3309793303051265e-06,1.865940021161805e-06,4.884289523943153e-07,0.0001,0.010091543197631836
5349,2025-09-29T23:48:35.792783,59.28211951255798,7.316687060665572e-06,0.0,7.316687060665572e-06,0.0,0.0,0.0,0.0,0.0,0.01009767223002708,0.0,0.0,0.0,0.0,0.01009767223002708,100000000.0,10000000000.0,1.0,1.0,1.0,1.0,1.3309793303051265e-06,1.865940021161805e-06,4.884289523943153e-07,0.0001,0.009133338928222656
5399,2025-09-29T23:48:36.334107,59.823442697525024,6.038710580469342e-06,0.0,6.038710580469342e-06,0.0,0.0,0.0,0.0,0.0,0.007418783919877361,0.0,0.0,0.0,0.0,0.007418783919877361,100000000.0,10000000000.0,1.0,1.0,1.0,1.0,1.3309793303051265e-06,1.865940021161805e-06,4.884289523943153e-07,0.0001,0.01108860969543457
5449,2025-09-29T23:48:36.873362,60.36269760131836,4.710258144768886e-05,0.0,4.710258144768886e-05,0.0,0.0,0.0,0.0,0.0,0.03806084402612119,0.0,0.0,0.0,0.0,0.03806084402612119,100000000.0,10000000000.0,1.0,1.0,1.0,1.0,1.3309793303051265e-06,1.865940021161805e-06,4.884289523943153e-07,0.0001,0.010153055191040039
5499,2025-09-29T23:48:37.428759,60.918095111846924,0.0002224558702437207,0.0,0.0002224558702437207,0.0,0.0,0.0,0.0,0.0,0.06376247134199321,0.0,0.0,0.0,0.0,0.06376247134199321,100000000.0,10000000000.0,1.0,1.0,1.0,1.0,1.3309793303051265e-06,1.865940021161805e-06,4.884289523943153e-07,0.0001,0.010106563568115234
5549,2025-09-29T23:48:37.969269,61.45860481262207,7.863283826736733e-06,0.0,7.863283826736733e-06,0.0,0.0,0.0,0.0,0.0,0.011115551946633032,0.0,0.0,0.0,0.0,0.011115551946633032,100000000.0,10000000000.0,1.0,1.0,1.0,1.0,1.279243747376313e-06,1.754315462676459e-06,4.7135037561929494e-07,0.0001,0.010379552841186523
5599,2025-09-29T23:48:38.522329,62.0116651058197,5.380790025810711e-05,0.0,5.380790025810711e-05,0.0,0.0,0.0,0.0,0.0,0.0434516277356969,0.0,0.0,0.0,0.0,0.0434516277356969,100000000.0,10000000000.0,1.0,1.0,1.0,1.0,1.279243747376313e-06,1.754315462676459e-06,4.7135037561929494e-07,0.0001,0.011175394058227539
5649,2025-09-29T23:48:39.108842,62.598177671432495,1.80648457899224e-05,0.0,1.80648457899224e-05,0.0,0.0,0.0,0.0,0.0,0.018151869120234764,0.0,0.0,0.0,0.0,0.018151869120234764,100000000.0,10000000000.0,1.0,1.0,1.0,1.0,1.279243747376313e-06,1.754315462676459e-06,4.7135037561929494e-07,0.0001,0.01000213623046875
5699,2025-09-29T23:48:39.660821,63.15015697479248,4.334166078479029e-06,0.0,4.334166078479029e-06,0.0,0.0,0.0,0.0,0.0,0.011646823055005308,0.0,0.0,0.0,0.0,0.011646823055005308,100000000.0,10000000000.0,1.0,1.0,1.0,1.0,1.279243747376313e-06,1.754315462676459e-06,4.7135037561929494e-07,0.0001,0.011059761047363281
5749,2025-09-29T23:48:40.206673,63.696009159088135,8.962439460447058e-05,0.0,8.962439460447058e-05,0.0,0.0,0.0,0.0,0.0,0.051325817386971784,0.0,0.0,0.0,0.0,0.051325817386971784,100000000.0,10000000000.0,1.0,1.0,1.0,1.0,1.279243747376313e-06,1.754315462676459e-06,4.7135037561929494e-07,0.0001,0.010089635848999023
5799,2025-09-29T23:48:40.750874,64.24020981788635,0.0001246665487997234,0.0,0.0001246665487997234,0.0,0.0,0.0,0.0,0.0,0.06370050448286124,0.0,0.0,0.0,0.0,0.06370050448286124,100000000.0,10000000000.0,1.0,1.0,1.0,1.0,1.279243747376313e-06,1.754315462676459e-06,4.7135037561929494e-07,0.0001,0.013095617294311523
5849,2025-09-29T23:48:41.277543,64.7668788433075,0.00018057096167467535,0.0,0.00018057096167467535,0.0,0.0,0.0,0.0,0.0,0.05722472521681398,0.0,0.0,0.0,0.0,0.05722472521681398,100000000.0,10000000000.0,1.0,1.0,1.0,1.0,1.279243747376313e-06,1.754315462676459e-06,4.7135037561929494e-07,0.0001,0.012143611907958984
5899,2025-09-29T23:48:41.813176,65.30251240730286,8.082544809440151e-05,0.0,8.082544809440151e-05,0.0,0.0,0.0,0.0,0.0,0.04153814003228035,0.0,0.0,0.0,0.0,0.04153814003228035,100000000.0,10000000000.0,1.0,1.0,1.0,1.0,1.279243747376313e-06,1.754315462676459e-06,4.7135037561929494e-07,0.0001,0.010076761245727539
5949,2025-09-29T23:48:42.372223,65.86155939102173,3.330051913508214e-05,0.0,3.330051913508214e-05,0.0,0.0,0.0,0.0,0.0,0.023603857142789505,0.0,0.0,0.0,0.0,0.023603857142789505,100000000.0,10000000000.0,1.0,1.0,1.0,1.0,1.279243747376313e-06,1.754315462676459e-06,4.7135037561929494e-07,0.0001,0.013002872467041016
5999,2025-09-29T23:48:42.919948,66.40928435325623,0.00012107591464882717,0.0,0.00012107591464882717,0.0,0.0,0.0,0.0,0.0,0.058347532136007005,0.0,0.0,0.0,0.0,0.058347532136007005,100000000.0,10000000000.0,1.0,1.0,1.0,1.0,1.279243747376313e-06,1.754315462676459e-06,4.7135037561929494e-07,0.0001,0.011133432388305664
6049,2025-09-29T23:48:43.493844,66.98317956924438,6.018119165673852e-06,0.0,6.018119165673852e-06,0.0,0.0,0.0,0.0,0.0,0.009235180193405617,0.0,0.0,0.0,0.0,0.009235180193405617,100000000.0,10000000000.0,1.0,1.0,1.0,1.0,1.2784764749085298e-06,1.7594475139048882e-06,4.823377821594477e-07,0.0001,0.012097597122192383
6099,2025-09-29T23:48:44.037346,67.52668190002441,0.001509525696747005,0.0,0.001509525696747005,0.0,0.0,0.0,0.0,0.0,0.17909088819895502,0.0,0.0,0.0,0.0,0.17909088819895502,100000000.0,10000000000.0,1.0,1.0,1.0,1.0,1.2784764749085298e-06,1.7594475139048882e-06,4.823377821594477e-07,0.0001,0.013083457946777344
6149,2025-09-29T23:48:44.569692,68.0590283870697,4.6363225010281894e-06,0.0,4.6363225010281894e-06,0.0,0.0,0.0,0.0,0.0,0.0010669037407451145,0.0,0.0,0.0,0.0,0.0010669037407451145,100000000.0,10000000000.0,1.0,1.0,1.0,1.0,1.2784764749085298e-06,1.7594475139048882e-06,4.823377821594477e-07,0.0001,0.010002374649047852
6199,2025-09-29T23:48:45.128213,68.61754941940308,3.647754419944249e-05,0.0,3.647754419944249e-05,0.0,0.0,0.0,0.0,0.0,0.015593375424435516,0.0,0.0,0.0,0.0,0.015593375424435516,100000000.0,10000000000.0,1.0,1.0,1.0,1.0,1.2784764749085298e-06,1.7594475139048882e-06,4.823377821594477e-07,0.0001,0.010068178176879883
6249,2025-09-29T23:48:45.669058,69.15839385986328,2.0659863366745412e-05,0.0,2.0659863366745412e-05,0.0,0.0,0.0,0.0,0.0,0.01552328924859322,0.0,0.0,0.0,0.0,0.01552328924859322,100000000.0,10000000000.0,1.0,1.0,1.0,1.0,1.2784764749085298e-06,1.7594475139048882e-06,4.823377821594477e-07,0.0001,0.010002374649047852
6299,2025-09-29T23:48:46.206466,69.6958019733429,0.002393910428509116,0.0,0.002393910428509116,0.0,0.0,0.0,0.0,0.0,0.2771885481543185,0.0,0.0,0.0,0.0,0.2771885481543185,100000000.0,10000000000.0,1.0,1.0,1.0,1.0,1.2784764749085298e-06,1.7594475139048882e-06,4.823377821594477e-07,0.0001,0.014053583145141602
6349,2025-09-29T23:48:46.770081,70.25941681861877,0.00016536223120056093,0.0,0.00016536223120056093,0.0,0.0,0.0,0.0,0.0,0.05367462674368377,0.0,0.0,0.0,0.0,0.05367462674368377,100000000.0,10000000000.0,1.0,1.0,1.0,1.0,1.2784764749085298e-06,1.7594475139048882e-06,4.823377821594477e-07,0.0001,0.013002395629882812
6399,2025-09-29T23:48:47.344032,70.83336782455444,5.789666829514317e-05,0.0,5.789666829514317e-05,0.0,0.0,0.0,0.0,0.0,0.04597243255722035,0.0,0.0,0.0,0.0,0.04597243255722035,100000000.0,10000000000.0,1.0,1.0,1.0,1.0,1.2784764749085298e-06,1.7594475139048882e-06,4.823377821594477e-07,0.0001,0.013033628463745117
6449,2025-09-29T23:48:47.914879,71.40421509742737,0.00017346855020150542,0.0,0.00017346855020150542,0.0,0.0,0.0,0.0,0.0,0.07410544316254422,0.0,0.0,0.0,0.0,0.07410544316254422,100000000.0,10000000000.0,1.0,1.0,1.0,1.0,1.2784764749085298e-06,1.7594475139048882e-06,4.823377821594477e-07,0.0001,0.010037660598754883
6499,2025-09-29T23:48:48.452808,71.94214367866516,5.43412488696049e-06,0.0,5.43412488696049e-06,0.0,0.0,0.0,0.0,0.0,0.012997224277022905,0.0,0.0,0.0,0.0,0.012997224277022905,100000000.0,10000000000.0,1.0,1.0,1.0,1.0,1.2784764749085298e-06,1.7594475139048882e-06,4.823377821594477e-07,0.0001,0.011251449584960938
6549,2025-09-29T23:48:49.012025,72.50136065483093,8.214540230255807e-07,0.0,8.214540230255807e-07,0.0,0.0,0.0,0.0,0.0,0.005860420401225556,0.0,0.0,0.0,0.0,0.005860420401225556,100000000.0,10000000000.0,1.0,1.0,1.0,1.0,1.2841185252909781e-06,1.7690350659904652e-06,4.915431190966046e-07,0.0001,0.011069774627685547
6599,2025-09-29T23:48:49.573545,73.06288123130798,2.0112987840548158e-05,0.0,2.0112987840548158e-05,0.0,0.0,0.0,0.0,0.0,0.00916877135397289,0.0,0.0,0.0,0.0,0.00916877135397289,100000000.0,10000000000.0,1.0,1.0,1.0,1.0,1.2841185252909781e-06,1.7690350659904652e-06,4.915431190966046e-07,0.0001,0.012062549591064453
6649,2025-09-29T23:48:50.131657,73.62099313735962,0.0002713800349738449,0.0,0.0002713800349738449,0.0,0.0,0.0,0.0,0.0,0.10485250944177986,0.0,0.0,0.0,0.0,0.10485250944177986,100000000.0,10000000000.0,1.0,1.0,1.0,1.0,1.2841185252909781e-06,1.7690350659904652e-06,4.915431190966046e-07,0.0001,0.01312112808227539
6699,2025-09-29T23:48:50.683290,74.17262649536133,0.0007639492396265268,0.0,0.0007639492396265268,0.0,0.0,0.0,0.0,0.0,0.10060320921885749,0.0,0.0,0.0,0.0,0.10060320921885749,100000000.0,10000000000.0,1.0,1.0,1.0,1.0,1.2841185252909781e-06,1.7690350659904652e-06,4.915431190966046e-07,0.0001,0.01228785514831543
6749,2025-09-29T23:48:51.235200,74.72453594207764,1.7777239918359555e-05,0.0,1.7777239918359555e-05,0.0,0.0,0.0,0.0,0.0,0.018748220596346954,0.0,0.0,0.0,0.0,0.018748220596346954,100000000.0,10000000000.0,1.0,1.0,1.0,1.0,1.2841185252909781e-06,1.7690350659904652e-06,4.915431190966046e-07,0.0001,0.010232686996459961
6799,2025-09-29T23:48:51.760600,75.2499361038208,0.0011062687262892723,0.0,0.0011062687262892723,0.0,0.0,0.0,0.0,0.0,0.21103834414408995,0.0,0.0,0.0,0.0,0.21103834414408995,100000000.0,10000000000.0,1.0,1.0,1.0,1.0,1.2841185252909781e-06,1.7690350659904652e-06,4.915431190966046e-07,0.0001,0.010090351104736328
6849,2025-09-29T23:48:52.339002,75.82833814620972,0.00010580512025626376,0.0,0.00010580512025626376,0.0,0.0,0.0,0.0,0.0,0.047756644206149945,0.0,0.0,0.0,0.0,0.047756644206149945,100000000.0,10000000000.0,1.0,1.0,1.0,1.0,1.2841185252909781e-06,1.7690350659904652e-06,4.915431190966046e-07,0.0001,0.01000213623046875
6899,2025-09-29T23:48:52.891818,76.38115358352661,2.0044117263751104e-05,0.0,2.0044117263751104e-05,0.0,0.0,0.0,0.0,0.0,0.014975679457206684,0.0,0.0,0.0,0.0,0.014975679457206684,100000000.0,10000000000.0,1.0,1.0,1.0,1.0,1.2841185252909781e-06,1.7690350659904652e-06,4.915431190966046e-07,0.0001,0.01003885269165039
6949,2025-09-29T23:48:53.445490,76.93482613563538,0.016179943457245827,0.0,0.016179943457245827,0.0,0.0,0.0,0.0,0.0,0.36694668881786174,0.0,0.0,0.0,0.0,0.36694668881786174,100000000.0,10000000000.0,1.0,1.0,1.0,1.0,1.2841185252909781e-06,1.7690350659904652e-06,4.915431190966046e-07,0.0001,0.012105703353881836
6999,2025-09-29T23:48:53.986116,77.47545218467712,0.0007561519159935415,0.0,0.0007561519159935415,0.0,0.0,0.0,0.0,0.0,0.16364783177719952,0.0,0.0,0.0,0.0,0.16364783177719952,100000000.0,10000000000.0,1.0,1.0,1.0,1.0,1.2841185252909781e-06,1.7690350659904652e-06,4.915431190966046e-07,0.0001,0.01100301742553711
7049,2025-09-29T23:48:54.531779,78.02111482620239,0.0001252767542609945,0.0,0.0001252767542609945,0.0,0.0,0.0,0.0,0.0,0.06087031509977029,0.0,0.0,0.0,0.0,0.06087031509977029,100000000.0,10000000000.0,1.0,1.0,1.0,1.0,1.1397366961318767e-06,1.6062343775047339e-06,4.73074948104113e-07,0.0001,0.009538888931274414
7099,2025-09-29T23:48:55.065655,78.55499053001404,9.084730845643207e-05,0.0,9.084730845643207e-05,0.0,0.0,0.0,0.0,0.0,0.03864163839661354,0.0,0.0,0.0,0.0,0.03864163839661354,100000000.0,10000000000.0,1.0,1.0,1.0,1.0,1.1397366961318767e-06,1.6062343775047339e-06,4.73074948104113e-07,0.0001,0.011088371276855469
7149,2025-09-29T23:48:55.621949,79.11128544807434,1.4595530956285074e-05,0.0,1.4595530956285074e-05,0.0,0.0,0.0,0.0,0.0,0.01970801210689321,0.0,0.0,0.0,0.0,0.01970801210689321,100000000.0,10000000000.0,1.0,1.0,1.0,1.0,1.1397366961318767e-06,1.6062343775047339e-06,4.73074948104113e-07,0.0001,0.01017451286315918
7199,2025-09-29T23:48:56.157381,79.64671683311462,0.0026508276350796223,0.0,0.0026508276350796223,0.0,0.0,0.0,0.0,0.0,0.19184965048144126,0.0,0.0,0.0,0.0,0.19184965048144126,100000000.0,10000000000.0,1.0,1.0,1.0,1.0,1.1397366961318767e-06,1.6062343775047339e-06,4.73074948104113e-07,0.0001,0.01215815544128418
7249,2025-09-29T23:48:56.706127,80.19546270370483,0.0021963827311992645,0.0,0.0021963827311992645,0.0,0.0,0.0,0.0,0.0,0.25604439318649636,0.0,0.0,0.0,0.0,0.25604439318649636,100000000.0,10000000000.0,1.0,1.0,1.0,1.0,1.1397366961318767e-06,1.6062343775047339e-06,4.73074948104113e-07,0.0001,0.011023283004760742
7299,2025-09-29T23:48:57.229367,80.7187032699585,0.0003961960901506245,0.0,0.0003961960901506245,0.0,0.0,0.0,0.0,0.0,0.08360167698377725,0.0,0.0,0.0,0.0,0.08360167698377725,100000000.0,10000000000.0,1.0,1.0,1.0,1.0,1.1397366961318767e-06,1.6062343775047339e-06,4.73074948104113e-07,0.0001,0.011464357376098633
7349,2025-09-29T23:48:57.772274,81.26161026954651,4.896159680356504e-06,0.0,4.896159680356504e-06,0.0,0.0,0.0,0.0,0.0,0.00641362195845519,0.0,0.0,0.0,0.0,0.00641362195845519,100000000.0,10000000000.0,1.0,1.0,1.0,1.0,1.1397366961318767e-06,1.6062343775047339e-06,4.73074948104113e-07,0.0001,0.010191917419433594
7399,2025-09-29T23:48:58.314089,81.80342483520508,2.8298791221459396e-05,0.0,2.8298791221459396e-05,0.0,0.0,0.0,0.0,0.0,0.014213109215345838,0.0,0.0,0.0,0.0,0.014213109215345838,100000000.0,10000000000.0,1.0,1.0,1.0,1.0,1.1397366961318767e-06,1.6062343775047339e-06,4.73074948104113e-07,0.0001,0.013082265853881836
7449,2025-09-29T23:48:58.884582,82.37391781806946,0.0070480769500136375,0.0,0.0070480769500136375,0.0,0.0,0.0,0.0,0.0,0.31808665148635745,0.0,0.0,0.0,0.0,0.31808665148635745,100000000.0,10000000000.0,1.0,1.0,1.0,1.0,1.1397366961318767e-06,1.6062343775047339e-06,4.73074948104113e-07,0.0001,0.010123014450073242
7499,2025-09-29T23:48:59.404051,82.89338731765747,8.879666711436585e-05,0.0,8.879666711436585e-05,0.0,0.0,0.0,0.0,0.0,0.040745428991744354,0.0,0.0,0.0,0.0,0.040745428991744354,100000000.0,10000000000.0,1.0,1.0,1.0,1.0,1.1397366961318767e-06,1.6062343775047339e-06,4.73074948104113e-07,0.0001,0.010068178176879883
7549,2025-09-29T23:48:59.946463,83.43579864501953,0.0002797904598992318,0.0,0.0002797904598992318,0.0,0.0,0.0,0.0,0.0,0.071674570806391,0.0,0.0,0.0,0.0,0.071674570806391,100000000.0,10000000000.0,1.0,1.0,1.0,1.0,1.264134880329948e-06,1.7245949948119232e-06,4.645553417503834e-07,0.0001,0.010111093521118164
7599,2025-09-29T23:49:00.488176,83.97751235961914,5.1333525334484875e-05,0.0,5.1333525334484875e-05,0.0,0.0,0.0,0.0,0.0,0.042820234118377334,0.0,0.0,0.0,0.0,0.042820234118377334,100000000.0,10000000000.0,1.0,1.0,1.0,1.0,1.264134880329948e-06,1.7245949948119232e-06,4.645553417503834e-07,0.0001,0.011002302169799805
7649,2025-09-29T23:49:01.024993,84.51432943344116,4.152109249844216e-05,0.0,4.152109249844216e-05,0.0,0.0,0.0,0.0,0.0,0.025152135779960224,0.0,0.0,0.0,0.0,0.025152135779960224,100000000.0,10000000000.0,1.0,1.0,1.0,1.0,1.264134880329948e-06,1.7245949948119232e-06,4.645553417503834e-07,0.0001,0.010351181030273438
7699,2025-09-29T23:49:01.552752,85.0420880317688,2.212330036854837e-05,0.0,2.212330036854837e-05,0.0,0.0,0.0,0.0,0.0,0.007482845568045753,0.0,0.0,0.0,0.0,0.007482845568045753,100000000.0,10000000000.0,1.0,1.0,1.0,1.0,1.264134880329948e-06,1.7245949948119232e-06,4.645553417503834e-07,0.0001,0.011002540588378906
7749,2025-09-29T23:49:02.109612,85.59894824028015,0.00011056259245378897,0.0,0.00011056259245378897,0.0,0.0,0.0,0.0,0.0,0.05475946551983867,0.0,0.0,0.0,0.0,0.05475946551983867,100000000.0,10000000000.0,1.0,1.0,1.0,1.0,1.264134880329948e-06,1.7245949948119232e-06,4.645553417503834e-07,0.0001,0.01005101203918457
7799,2025-09-29T23:49:02.669927,86.15926265716553,1.757589075168653e-06,0.0,1.757589075168653e-06,0.0,0.0,0.0,0.0,0.0,0.006334243147279725,0.0,0.0,0.0,0.0,0.006334243147279725,100000000.0,10000000000.0,1.0,1.0,1.0,1.0,1.264134880329948e-06,1.7245949948119232e-06,4.645553417503834e-07,0.0001,0.013003110885620117
7849,2025-09-29T23:49:03.253724,86.74305987358093,9.59670651354827e-05,0.0,9.59670651354827e-05,0.0,0.0,0.0,0.0,0.0,0.020426003385641774,0.0,0.0,0.0,0.0,0.020426003385641774,100000000.0,10000000000.0,1.0,1.0,1.0,1.0,1.264134880329948e-06,1.7245949948119232e-06,4.645553417503834e-07,0.0001,0.011002540588378906
7899,2025-09-29T23:49:03.792035,87.2813708782196,8.661104402563069e-06,0.0,8.661104402563069e-06,0.0,0.0,0.0,0.0,0.0,0.01730492582485243,0.0,0.0,0.0,0.0,0.01730492582485243,100000000.0,10000000000.0,1.0,1.0,1.0,1.0,1.264134880329948e-06,1.7245949948119232e-06,4.645553417503834e-07,0.0001,0.010070085525512695
7949,2025-09-29T23:49:04.329753,87.81908941268921,5.809002323076129e-05,0.0,5.809002323076129e-05,0.0,0.0,0.0,0.0,0.0,0.015210492022707314,0.0,0.0,0.0,0.0,0.015210492022707314,100000000.0,10000000000.0,1.0,1.0,1.0,1.0,1.264134880329948e-06,1.7245949948119232e-06,4.645553417503834e-07,0.0001,0.010137557983398438
7999,2025-09-29T23:49:04.878021,88.36735653877258,2.1284491594997235e-05,0.0,2.1284491594997235e-05,0.0,0.0,0.0,0.0,0.0,0.02717248206970205,0.0,0.0,0.0,0.0,0.02717248206970205,100000000.0,10000000000.0,1.0,1.0,1.0,1.0,1.264134880329948e-06,1.7245949948119232e-06,4.645553417503834e-07,0.0001,0.010002374649047852
8049,2025-09-29T23:49:05.430839,88.92017483711243,2.6146079108002596e-05,0.0,2.6146079108002596e-05,0.0,0.0,0.0,0.0,0.0,0.028279978685101004,0.0,0.0,0.0,0.0,0.028279978685101004,100000000.0,10000000000.0,1.0,1.0,1.0,1.0,1.1213653579034144e-06,1.6850812016855343e-06,5.275762191558897e-07,0.0001,0.012002944946289062
8099,2025-09-29T23:49:05.973912,89.4632477760315,7.607160659972578e-05,0.0,7.607160659972578e-05,0.0,0.0,0.0,0.0,0.0,0.026181717063185873,0.0,0.0,0.0,0.0,0.026181717063185873,100000000.0,10000000000.0,1.0,1.0,1.0,1.0,1.1213653579034144e-06,1.6850812016855343e-06,5.275762191558897e-07,0.0001,0.013103246688842773
8149,2025-09-29T23:49:06.532031,90.02136707305908,0.0011673164553940296,0.0,0.0011673164553940296,0.0,0.0,0.0,0.0,0.0,0.168175395268328,0.0,0.0,0.0,0.0,0.168175395268328,100000000.0,10000000000.0,1.0,1.0,1.0,1.0,1.1213653579034144e-06,1.6850812016855343e-06,5.275762191558897e-07,0.0001,0.009169816970825195
8199,2025-09-29T23:49:07.070325,90.55966114997864,3.460974767222069e-05,0.0,3.460974767222069e-05,0.0,0.0,0.0,0.0,0.0,0.02262782340634286,0.0,0.0,0.0,0.0,0.02262782340634286,100000000.0,10000000000.0,1.0,1.0,1.0,1.0,1.1213653579034144e-06,1.6850812016855343e-06,5.275762191558897e-07,0.0001,0.012060165405273438
8249,2025-09-29T23:49:07.607212,91.09654831886292,0.0002652282710187137,0.0,0.0002652282710187137,0.0,0.0,0.0,0.0,0.0,0.10306561723181128,0.0,0.0,0.0,0.0,0.10306561723181128,100000000.0,10000000000.0,1.0,1.0,1.0,1.0,1.1213653579034144e-06,1.6850812016855343e-06,5.275762191558897e-07,0.0001,0.01046442985534668
8299,2025-09-29T23:49:08.148794,91.63812971115112,4.949188951286487e-05,0.0,4.949188951286487e-05,0.0,0.0,0.0,0.0,0.0,0.04523391725806145,0.0,0.0,0.0,0.0,0.04523391725806145,100000000.0,10000000000.0,1.0,1.0,1.0,1.0,1.1213653579034144e-06,1.6850812016855343e-06,5.275762191558897e-07,0.0001,0.011003494262695312
8349,2025-09-29T23:49:08.679960,92.16929626464844,3.9119717257563025e-05,0.0,3.9119717257563025e-05,0.0,0.0,0.0,0.0,0.0,0.011411438310960073,0.0,0.0,0.0,0.0,0.011411438310960073,100000000.0,10000000000.0,1.0,1.0,1.0,1.0,1.1213653579034144e-06,1.6850812016855343e-06,5.275762191558897e-07,0.0001,0.009278059005737305
8399,2025-09-29T23:49:09.226219,92.71555495262146,2.0935144675604533e-06,0.0,2.0935144675604533e-06,0.0,0.0,0.0,0.0,0.0,0.007308180195240544,0.0,0.0,0.0,0.0,0.007308180195240544,100000000.0,10000000000.0,1.0,1.0,1.0,1.0,1.1213653579034144e-06,1.6850812016855343e-06,5.275762191558897e-07,0.0001,0.011115312576293945
8449,2025-09-29T23:49:09.783708,93.27304434776306,0.002301949542015791,0.0,0.002301949542015791,0.0,0.0,0.0,0.0,0.0,0.224025212107279,0.0,0.0,0.0,0.0,0.224025212107279,100000000.0,10000000000.0,1.0,1.0,1.0,1.0,1.1213653579034144e-06,1.6850812016855343e-06,5.275762191558897e-07,0.0001,0.01008296012878418
8499,2025-09-29T23:49:10.330394,93.8197295665741,0.00015099231677595526,0.0,0.00015099231677595526,0.0,0.0,0.0,0.0,0.0,0.0674687314418708,0.0,0.0,0.0,0.0,0.0674687314418708,100000000.0,10000000000.0,1.0,1.0,1.0,1.0,1.1213653579034144e-06,1.6850812016855343e-06,5.275762191558897e-07,0.0001,0.010001897811889648
8549,2025-09-29T23:49:10.872854,94.3621895313263,0.0003190529241692275,0.0,0.0003190529241692275,0.0,0.0,0.0,0.0,0.0,0.08484673275459591,0.0,0.0,0.0,0.0,0.08484673275459591,100000000.0,10000000000.0,1.0,1.0,1.0,1.0,1.1164222541992785e-06,1.6863352811924415e-06,5.198211852075474e-07,0.0001,0.010225534439086914
8599,2025-09-29T23:49:11.406785,94.89612102508545,0.0001019083138089627,0.0,0.0001019083138089627,0.0,0.0,0.0,0.0,0.0,0.04617974233720703,0.0,0.0,0.0,0.0,0.04617974233720703,100000000.0,10000000000.0,1.0,1.0,1.0,1.0,1.1164222541992785e-06,1.6863352811924415e-06,5.198211852075474e-07,0.0001,0.010174036026000977
8649,2025-09-29T23:49:11.950624,95.43996047973633,6.592075806111097e-05,0.0,6.592075806111097e-05,0.0,0.0,0.0,0.0,0.0,0.0396208305591829,0.0,0.0,0.0,0.0,0.0396208305591829,100000000.0,10000000000.0,1.0,1.0,1.0,1.0,1.1164222541992785e-06,1.6863352811924415e-06,5.198211852075474e-07,0.0001,0.010084152221679688
8699,2025-09-29T23:49:12.491652,95.98098802566528,0.0003413020458538085,0.0,0.0003413020458538085,0.0,0.0,0.0,0.0,0.0,0.08864769592979056,0.0,0.0,0.0,0.0,0.08864769592979056,100000000.0,10000000000.0,1.0,1.0,1.0,1.0,1.1164222541992785e-06,1.6863352811924415e-06,5.198211852075474e-07,0.0001,0.010495185852050781
8749,2025-09-29T23:49:13.061604,96.55093955993652,0.00018070738587994128,0.0,0.00018070738587994128,0.0,0.0,0.0,0.0,0.0,0.03639920854805697,0.0,0.0,0.0,0.0,0.03639920854805697,100000000.0,10000000000.0,1.0,1.0,1.0,1.0,1.1164222541992785e-06,1.6863352811924415e-06,5.198211852075474e-07,0.0001,0.01005697250366211
8799,2025-09-29T23:49:13.600461,97.08979678153992,9.575788135407493e-05,0.0,9.575788135407493e-05,0.0,0.0,0.0,0.0,0.0,0.05354533632600916,0.0,0.0,0.0,0.0,0.05354533632600916,100000000.0,10000000000.0,1.0,1.0,1.0,1.0,1.1164222541992785e-06,1.6863352811924415e-06,5.198211852075474e-07,0.0001,0.010117769241333008
8849,2025-09-29T23:49:14.152670,97.64200639724731,0.0007570539019070566,0.0,0.0007570539019070566,0.0,0.0,0.0,0.0,0.0,0.08375249005693187,0.0,0.0,0.0,0.0,0.08375249005693187,100000000.0,10000000000.0,1.0,1.0,1.0,1.0,1.1164222541992785e-06,1.6863352811924415e-06,5.198211852075474e-07,0.0001,0.01000213623046875
8899,2025-09-29T23:49:14.686713,98.17604947090149,0.001672145095653832,0.0,0.001672145095653832,0.0,0.0,0.0,0.0,0.0,0.16406349545276613,0.0,0.0,0.0,0.0,0.16406349545276613,100000000.0,10000000000.0,1.0,1.0,1.0,1.0,1.1164222541992785e-06,1.6863352811924415e-06,5.198211852075474e-07,0.0001,0.011002540588378906
8949,2025-09-29T23:49:15.239840,98.72917580604553,3.879862924804911e-05,0.0,3.879862924804911e-05,0.0,0.0,0.0,0.0,0.0,0.03690023327043934,0.0,0.0,0.0,0.0,0.03690023327043934,100000000.0,10000000000.0,1.0,1.0,1.0,1.0,1.1164222541992785e-06,1.6863352811924415e-06,5.198211852075474e-07,0.0001,0.014169692993164062
8999,2025-09-29T23:49:15.781392,99.27072763442993,4.594631172949448e-05,0.0,4.594631172949448e-05,0.0,0.0,0.0,0.0,0.0,0.02792321944027592,0.0,0.0,0.0,0.0,0.02792321944027592,100000000.0,10000000000.0,1.0,1.0,1.0,1.0,1.1164222541992785e-06,1.6863352811924415e-06,5.198211852075474e-07,0.0001,0.011002779006958008
9049,2025-09-29T23:49:16.361250,99.85058641433716,2.4656842469994444e-06,0.0,2.4656842469994444e-06,0.0,0.0,0.0,0.0,0.0,0.0077328314879937,0.0,0.0,0.0,0.0,0.0077328314879937,100000000.0,10000000000.0,1.0,1.0,1.0,1.0,1.0785640824906295e-06,1.6371114952562493e-06,5.196867505219416e-07,0.0001,0.010087013244628906
9099,2025-09-29T23:49:16.903883,100.39321899414062,2.2699805413139984e-05,0.0,2.2699805413139984e-05,0.0,0.0,0.0,0.0,0.0,0.027774182622913507,0.0,0.0,0.0,0.0,0.027774182622913507,100000000.0,10000000000.0,1.0,1.0,1.0,1.0,1.0785640824906295e-06,1.6371114952562493e-06,5.196867505219416e-07,0.0001,0.01116633415222168
9149,2025-09-29T23:49:17.452955,100.9422914981842,0.00010259349801344797,0.0,0.00010259349801344797,0.0,0.0,0.0,0.0,0.0,0.04103052562092159,0.0,0.0,0.0,0.0,0.04103052562092159,100000000.0,10000000000.0,1.0,1.0,1.0,1.0,1.0785640824906295e-06,1.6371114952562493e-06,5.196867505219416e-07,0.0001,0.011018753051757812
9199,2025-09-29T23:49:17.993460,101.48279619216919,6.66183609610016e-07,0.0,6.66183609610016e-07,0.0,0.0,0.0,0.0,0.0,0.004108847243305683,0.0,0.0,0.0,0.0,0.004108847243305683,100000000.0,10000000000.0,1.0,1.0,1.0,1.0,1.0785640824906295e-06,1.6371114952562493e-06,5.196867505219416e-07,0.0001,0.010010480880737305
9249,2025-09-29T23:49:18.537102,102.02643775939941,0.0007766248309053481,0.0,0.0007766248309053481,0.0,0.0,0.0,0.0,0.0,0.11860067489534529,0.0,0.0,0.0,0.0,0.11860067489534529,100000000.0,10000000000.0,1.0,1.0,1.0,1.0,1.0785640824906295e-06,1.6371114952562493e-06,5.196867505219416e-07,0.0001,0.01232290267944336
9299,2025-09-29T23:49:19.080634,102.56996989250183,0.00185870670247823,0.0,0.00185870670247823,0.0,0.0,0.0,0.0,0.0,0.21942549835846278,0.0,0.0,0.0,0.0,0.21942549835846278,100000000.0,10000000000.0,1.0,1.0,1.0,1.0,1.0785640824906295e-06,1.6371114952562493e-06,5.196867505219416e-07,0.0001,0.014110326766967773
9349,2025-09-29T23:49:19.642686,103.1320219039917,0.0006655889446847141,0.0,0.0006655889446847141,0.0,0.0,0.0,0.0,0.0,0.11339293631227577,0.0,0.0,0.0,0.0,0.11339293631227577,100000000.0,10000000000.0,1.0,1.0,1.0,1.0,1.0785640824906295e-06,1.6371114952562493e-06,5.196867505219416e-07,0.0001,0.012002706527709961
9399,2025-09-29T23:49:20.187087,103.67642331123352,1.260727094631875e-05,0.0,1.260727094631875e-05,0.0,0.0,0.0,0.0,0.0,0.02054772692607308,0.0,0.0,0.0,0.0,0.02054772692607308,100000000.0,10000000000.0,1.0,1.0,1.0,1.0,1.0785640824906295e-06,1.6371114952562493e-06,5.196867505219416e-07,0.0001,0.012063980102539062
9449,2025-09-29T23:49:20.724291,104.21362686157227,1.8408043615636416e-05,0.0,1.8408043615636416e-05,0.0,0.0,0.0,0.0,0.0,0.026237490561850745,0.0,0.0,0.0,0.0,0.026237490561850745,100000000.0,10000000000.0,1.0,1.0,1.0,1.0,1.0785640824906295e-06,1.6371114952562493e-06,5.196867505219416e-07,0.0001,0.01022791862487793
9499,2025-09-29T23:49:21.249632,104.73896837234497,0.0012728864094242454,0.0,0.0012728864094242454,0.0,0.0,0.0,0.0,0.0,0.22657363037851863,0.0,0.0,0.0,0.0,0.22657363037851863,100000000.0,10000000000.0,1.0,1.0,1.0,1.0,1.0785640824906295e-06,1.6371114952562493e-06,5.196867505219416e-07,0.0001,0.010166645050048828
9549,2025-09-29T23:49:21.804378,105.29371356964111,1.824107857828494e-05,0.0,1.824107857828494e-05,0.0,0.0,0.0,0.0,0.0,0.021752593111360435,0.0,0.0,0.0,0.0,0.021752593111360435,100000000.0,10000000000.0,1.0,1.0,1.0,1.0,1.050267997015908e-06,1.5585516166538582e-06,4.6452373680949677e-07,0.0001,0.011002302169799805
9599,2025-09-29T23:49:22.331669,105.82100486755371,0.00012412597425282001,0.0,0.00012412597425282001,0.0,0.0,0.0,0.0,0.0,0.04578388547002245,0.0,0.0,0.0,0.0,0.04578388547002245,100000000.0,10000000000.0,1.0,1.0,1.0,1.0,1.050267997015908e-06,1.5585516166538582e-06,4.6452373680949677e-07,0.0001,0.010120153427124023
9649,2025-09-29T23:49:22.898674,106.38801050186157,6.300606037257239e-05,0.0,6.300606037257239e-05,0.0,0.0,0.0,0.0,0.0,0.04776069676437281,0.0,0.0,0.0,0.0,0.04776069676437281,100000000.0,10000000000.0,1.0,1.0,1.0,1.0,1.050267997015908e-06,1.5585516166538582e-06,4.6452373680949677e-07,0.0001,0.010056257247924805
9699,2025-09-29T23:49:23.431478,106.92081356048584,4.1716313717188314e-05,0.0,4.1716313717188314e-05,0.0,0.0,0.0,0.0,0.0,0.035030385555981515,0.0,0.0,0.0,0.0,0.035030385555981515,100000000.0,10000000000.0,1.0,1.0,1.0,1.0,1.050267997015908e-06,1.5585516166538582e-06,4.6452373680949677e-07,0.0001,0.011087179183959961
9749,2025-09-29T23:49:23.977464,107.46679973602295,8.429003355558962e-05,0.0,8.429003355558962e-05,0.0,0.0,0.0,0.0,0.0,0.04316131895579655,0.0,0.0,0.0,0.0,0.04316131895579655,100000000.0,10000000000.0,1.0,1.0,1.0,1.0,1.050267997015908e-06,1.5585516166538582e-06,4.6452373680949677e-07,0.0001,0.010076045989990234
9799,2025-09-29T23:49:24.506137,107.99547266960144,4.128886212129146e-05,0.0,4.128886212129146e-05,0.0,0.0,0.0,0.0,0.0,0.03333252629000626,0.0,0.0,0.0,0.0,0.03333252629000626,100000000.0,10000000000.0,1.0,1.0,1.0,1.0,1.050267997015908e-06,1.5585516166538582e-06,4.6452373680949677e-07,0.0001,0.01014256477355957
9849,2025-09-29T23:49:25.057632,108.54696798324585,0.000712720095179975,0.0,0.000712720095179975,0.0,0.0,0.0,0.0,0.0,0.08407966947726084,0.0,0.0,0.0,0.0,0.08407966947726084,100000000.0,10000000000.0,1.0,1.0,1.0,1.0,1.050267997015908e-06,1.5585516166538582e-06,4.6452373680949677e-07,0.0001,0.010002374649047852
9899,2025-09-29T23:49:25.589683,109.07901930809021,0.00035754425334744155,0.0,0.00035754425334744155,0.0,0.0,0.0,0.0,0.0,0.10928435938640187,0.0,0.0,0.0,0.0,0.10928435938640187,100000000.0,10000000000.0,1.0,1.0,1.0,1.0,1.050267997015908e-06,1.5585516166538582e-06,4.6452373680949677e-07,0.0001,0.010002374649047852
9949,2025-09-29T23:49:26.160661,109.64999747276306,0.0006795244407840073,0.0,0.0006795244407840073,0.0,0.0,0.0,0.0,0.0,0.08955219892768763,0.0,0.0,0.0,0.0,0.08955219892768763,100000000.0,10000000000.0,1.0,1.0,1.0,1.0,1.050267997015908e-06,1.5585516166538582e-06,4.6452373680949677e-07,0.0001,0.012126445770263672
9999,2025-09-29T23:49:26.708937,110.19827342033386,1.8975551938638091e-06,0.0,1.8975551938638091e-06,0.0,0.0,0.0,0.0,0.0,0.003970639847182911,0.0,0.0,0.0,0.0,0.003970639847182911,100000000.0,10000000000.0,1.0,1.0,1.0,1.0,1.050267997015908e-06,1.5585516166538582e-06,4.6452373680949677e-07,0.0001,0.010109901428222656
